school_id,school_short_name,school_name,street_address,city,state,zip,website,managed_by_network,geographic_network,school_track,overall_rating,on_probation,years_on_probation,growth_overall_level,student_performance_level,over_time_explore_2010,over_time_plan_2011,over_time_act_2012,average_score_explore_2012,average_score_plan_2012,average_score_act_2012,_5_year_cohort_graduation_rate_2011_percent,_5_year_cohort_graduation_rate_2012_percent,one_year_dropout_rate_2011_percent,one_year_dropout_rate_2012_percent,freshman_on_track_to_graduate_2011_percent,freshman_on_track_to_graduate_2012_percent,college_eligibility_2011_percent,college_eligibility_2012_percent,college_enrollment_2011_percent,college_enrollment_2012_percent,college_retention_2009_percent,college_retention_2010_percent,overall_foundation,involved_families,supportive_environment,ambitious_instruction,effective_leaders,collaborative_teachers,safety,misconducts_resulting_in_suspensions_2011_percent,misconducts_resulting_in_suspensions_2012_percent,average_days_of_suspension_2011,average_days_of_suspension_2012,student_attendance_2011_percent,student_attendance_2012_percent,teacher_attendance_2011_percent,teacher_attendance_2012_percent,healthy_school_certified,x_coordinate,y_coordinate,longitude,latitude,location,growth_explore,growth_plan,growth_act,growth_all_grades,blue_ribbon_award,blue_ribbon_award_year
610340,Chgo Acad HS,Chicago Academy High School,3400 N Austin Ave,Chicago,IL,60634,http://www.chicagoacademy.org,AUSL Schools,North-Northwest Side High School Network,Standard,Level 1,No,0,Not Enough Data,Below Average,14.52,16.41,19.3,15.22,16.26,19.3,70.10,71,5.50,4,80.60,82.20,23.90,35.20,64.20,75.80,75.60,71,Organized,Neutral,Neutral,Strong,Neutral,Neutral,Strong,14.50,4.50,1.9,2.6,93.10,93.60,96.10,95.60,No,1135740.091,1922002.941,-87.77650575,41.94215439,"{'latitude': '-87.77650575', 'longitude': '41.94215439'}",,,,,,
400018,Austin Bus & Entrp HS,Austin Business and Entrepreneurship Academy HS,231 N Pine Ave,Chicago,IL,60644,http://www.austinbusinessacademy.net,West Side High School Network,West Side High School Network,Standard,Level 3,Yes,4,Above Average,Far Below Average,12.06,13.04,14.1,11.95,13.27,14.1,65.60,54.40,13.80,6.90,,,12.20,,51.30,54.10,,47.70,Partially Organized,Weak,Neutral,Neutral,Neutral,Weak,Neutral,73.20,28.30,3.6,2.5,76,73,,94.30,No,1139494.763,1901274.258,-87.76321191,41.88520477,"{'latitude': '-87.76321191', 'longitude': '41.88520477'}",70.20,69.60,54.40,64.00,,
610524,Alcott HS,Alcott High School for the Humanities,2957 N Hoyne Ave,Chicago,IL,60618,http://www.alcotths.org,North-Northwest Side High School Network,North-Northwest Side High School Network,Standard,Level 2,No,0,Above Average,Below Average,15.49,16.28,18,14.5,15.81,18,,,4.80,1.80,87.60,82.60,,,,,,,Moderately Organized,Not Enough Data,Neutral,Neutral,Not Enough Data,Not Enough Data,Strong,40,31.30,2.1,2.6,92.70,92.20,96.90,,No,1161870.556,1919857.44,-87.68052441,41.93576106,"{'latitude': '-87.68052441', 'longitude': '41.93576106'}",54.00,61.20,68.30,61.10,,
609678,Jones HS,William Jones College Preparatory High School,606 S State St,Chicago,IL,60605,http://www.jonescollegeprep.org,South Side High School Network,South Side High School Network,Standard,Level 1,No,0,Above Average,Far Above Average,19.69,21.13,25.1,20.8,22.06,25.1,90.10,87.10,1.60,1.50,92.80,98,83.30,80.70,86.90,92.20,91,90.80,Organized,Strong,Strong,Strong,Weak,Weak,Very Strong,24.70,10.60,6,4.5,93.80,93.90,95.30,95.30,No,1176412.354,1897618.088,-87.62775497,41.87441898,"{'latitude': '-87.62775497', 'longitude': '41.87441898'}",,,61.90,61.70,Yes,2012
609692,Simeon HS,Neal F Simeon Career Academy High School,8147 S Vincennes Ave,Chicago,IL,60620,http://www.simeonca.org,South Side High School Network,South Side High School Network,Standard,Level 3,Yes,9,Average,Below Average,14.47,14.83,16.9,14.13,15.26,16.9,75.20,73.50,5.30,4.60,68.50,66.70,14.80,11,74,77.20,72,70,Organized,Neutral,Neutral,Neutral,Strong,Neutral,Neutral,93,97.30,4.7,4,78.60,80.60,94.30,94.60,No,1174719.074,1850730.192,-87.63537,41.74579217,"{'latitude': '-87.63537', 'longitude': '41.74579217'}",47.70,56.20,73.00,58.70,,
609759,Clemente HS,Roberto Clemente Community Academy High School,1147 N Western Ave,Chicago,IL,60622,http://www.rccachicago.org/,West Side High School Network,West Side High School Network,Standard,Level 3,Yes,17,Below Average,Far Below Average,12.59,13.38,15,13.46,14.24,15,49.50,52,7.50,1.30,58.90,92.60,12.50,13.50,41.50,43.10,64.70,51.40,Partially Organized,Neutral,Neutral,Neutral,Weak,Weak,Neutral,41.30,77.20,2.8,5,69.60,78.70,94.20,95.50,No,1160235.206,1907768.877,-87.68686934,41.90262318,"{'latitude': '-87.68686934', 'longitude': '41.90262318'}",46.60,44.20,,45.50,,
609735,Tilden HS,Edward Tilden Career Community Academy HS,4747 S Union Ave,Chicago,IL,60609,http://www.tildencca.org/,Southwest Side High School Network,Southwest Side High School Network,Track E,Level 3,Yes,9,Far Below Average,Far Below Average,12.22,13.02,13.5,11.58,13.3,13.5,41.10,33.90,8,12.60,86.50,58.60,10.50,8.20,37,30.20,50,54.70,Not Yet Organized,Weak,Neutral,Weak,Weak,Weak,Weak,56.80,38.70,5.4,4.2,78.40,71.20,95.20,94.10,No,1172475.474,1873203.826,-87.64292985,41.80751207,"{'latitude': '-87.64292985', 'longitude': '41.80751207'}",23.30,51.20,37.10,38.30,,
609713,Hyde Park HS,Hyde Park Academy High School,6220 S Stony Island Ave,Chicago,IL,60637,http://www.hydeparkcps.org,South Side High School Network,South Side High School Network,Standard,Level 3,Yes,9,Average,Below Average,13.02,14.04,16,12.69,14.19,16,51.10,53.30,9.40,13.90,63.70,60.50,11.10,12.90,57.60,65.10,69.50,70.90,Partially Organized,Not Enough Data,Weak,Neutral,Not Enough Data,Not Enough Data,Weak,92.50,92.90,3.3,3.2,70.50,67.70,94.20,94.20,No,1187898.897,1864121.427,-87.58665115,41.78223539,"{'latitude': '-87.58665115', 'longitude': '41.78223539'}",58.50,55.80,51.40,55.00,,
609729,Schurz HS,Carl Schurz High School,3601 N Milwaukee Ave,Chicago,IL,60641,http://www.schurzhs.org,North-Northwest Side High School Network,North-Northwest Side High School Network,Standard,Level 3,Yes,9,Below Average,Far Below Average,13.42,14.25,15.5,13.93,14.58,15.5,62.10,64.60,5.30,4.80,61.60,66,9.70,15.50,40.40,40.70,65.70,62.10,Not Yet Organized,Weak,Neutral,Neutral,Weak,Weak,Neutral,83,87.10,2.1,1.7,81.20,82,96,95.20,No,1146851.198,1923627.843,-87.73562542,41.94640794,"{'latitude': '-87.73562542', 'longitude': '41.94640794'}",31.60,52.60,59.90,46.30,,
609715,Kelly HS,Thomas Kelly High School,4136 S California Ave,Chicago,IL,60632,http://www.kellyhs.org,Southwest Side High School Network,Southwest Side High School Network,Standard,Level 3,Yes,1,Above Average,Below Average,13.41,14.58,16.8,13.63,15.4,16.8,67.40,73.90,0.90,5.50,65.60,63.50,22.10,23.50,46.40,54.90,78.50,71,Partially Organized,Not Enough Data,Weak,Weak,Not Enough Data,Not Enough Data,Weak,55.70,55.50,4.3,3.8,89.30,88.50,95.30,95,No,1158337.786,1877175.576,-87.69467483,41.81871101,"{'latitude': '-87.69467483', 'longitude': '41.81871101'}",56.80,66.60,62.70,62.30,,
609753,Chgo Agr HS,Chicago High School for Agricultural Sciences,3857 W 111th St,Chicago,IL,60655,http://www.chicagoagr.org,Far South Side High School Network,Far South Side High School Network,Track E,Level 1,No,0,Average,Average,16.25,17.59,20.2,16.41,17.6,20.2,70.70,71.90,5.30,2.10,88.10,83.20,30.70,49.50,79.60,76.10,89.40,84.10,Organized,Strong,Neutral,Neutral,Strong,Neutral,Very Strong,66.90,70.90,2.5,2.5,92.80,93.80,95.20,94.60,No,1152383.425,1830663.647,-87.71773863,41.69119388,"{'latitude': '-87.71773863', 'longitude': '41.69119388'}",50.40,58.90,,54.20,,
609698,Bogan HS,William J Bogan High School,3939 W 79th St,Chicago,IL,60652,http://www.boganhs.org,Southwest Side High School Network,Southwest Side High School Network,Standard,Level 2,Yes,9,Average,Far Below Average,13.44,14.28,15.7,13.3,14.12,15.7,52.50,56,12.60,0.30,67.10,74.90,13.10,11.50,50,53.90,61.70,63,Not Yet Organized,Weak,Weak,Weak,Very Weak,Very Weak,Weak,61.30,24.20,4.5,4.6,75.20,80.30,94.30,93.80,No,1151315.548,1851847.859,-87.72109673,41.74934817,"{'latitude': '-87.72109673', 'longitude': '41.74934817'}",55.20,57.40,59.40,57.40,,
609709,Gage Park HS,Gage Park High School,5630 S Rockwell St,Chicago,IL,60629,http://www.gageparkhs.org,Southwest Side High School Network,Southwest Side High School Network,Track E,Level 2,Yes,17,Average,Far Below Average,12.75,13.75,15,12.71,14.05,15,52.80,49.60,6.40,10.60,46,73.90,7.90,5.10,40.30,42,59.60,59.90,Not Yet Organized,Neutral,Weak,Neutral,Weak,Weak,Weak,52,67.70,2.9,2.9,72.50,75.10,94,93.10,No,1159962.875,1867094.347,-87.68899064,41.79101352,"{'latitude': '-87.68899064', 'longitude': '41.79101352'}",57.90,46.60,52.50,52.60,,
609739,Washington HS,George Washington High School,3535 E 114th St,Chicago,IL,60617,http://www.gwashingtonhs.org,Far South Side High School Network,Far South Side High School Network,Standard,Level 2,No,0,Below Average,Below Average,13.69,14.16,16.2,13.69,14.73,16.2,71.60,71.30,0.80,5.10,78.60,82.40,14,18.70,50.90,34.60,70.20,61.60,Moderately Organized,Neutral,Neutral,Neutral,Neutral,Neutral,Neutral,86.30,97.80,2.4,2,80.20,80.50,95.10,95,No,1201607.873,1829942.879,-87.5375501,41.6881094,"{'latitude': '-87.5375501', 'longitude': '41.6881094'}",41.00,51.20,53.10,48.30,,
609760,Carver Military,George Washington Carver Military Academy HS,13100 S Doty Ave,Chicago,IL,60627,http://www.carvermilitary.org,Far South Side High School Network,Far South Side High School Network,Standard,Level 1,No,0,Average,Below Average,14.5,14.98,16.9,15.09,15.38,16.9,78.70,85.30,0.20,0.40,79.50,86.30,21.20,16.50,60.50,49.10,65.80,75.50,Well-organized,Strong,Neutral,Neutral,Strong,Strong,Strong,66.10,89.70,5.1,4.9,91.60,91.40,96.40,96,No,1187202.39,1818214.083,-87.5906566,41.65627709,"{'latitude': '-87.5906566', 'longitude': '41.65627709'}",40.00,59.30,58.00,52.40,,
610391,Lindblom HS,Robert Lindblom Math & Science Academy HS,6130 S Wolcott Ave,Chicago,IL,60636,http://www.lindblomeagles.org,Southwest Side High School Network,Southwest Side High School Network,Track E,Level 1,No,0,Average,Above Average,18.03,19.27,22.1,18.24,19.58,22.1,68.90,78.90,2.30,4.10,83.30,84.50,29.10,41.20,85.90,84.30,91.50,81,Well-organized,Strong,Strong,Very Strong,Strong,Strong,Strong,63.50,92.70,4.1,4.7,92.70,93.90,95.90,96.30,Pending,1164703.614,1863861.294,-87.67169858,41.7820428,"{'latitude': '-87.67169858', 'longitude': '41.7820428'}",52.50,51.10,59.10,53.60,,
609720,Lane HS,Albert G Lane Technical High School,2501 W Addison St,Chicago,IL,60618,http://www.lanetech.org,North-Northwest Side High School Network,North-Northwest Side High School Network,Standard,Level 1,No,0,Above Average,Above Average,19.2,20.16,23.9,19.49,21.09,23.9,92.20,90.90,1.30,1.20,90.70,95.10,67.90,71.10,79.80,80.60,88.50,87,Well-organized,Strong,Strong,Strong,Neutral,Neutral,Very Strong,73.70,44,5.7,4.8,96.30,96.40,96.20,96.30,Pending,1158975.392,1923791.705,-87.69105603,41.94661693,"{'latitude': '-87.69105603', 'longitude': '41.94661693'}",58.20,60.90,65.80,61.40,Yes,2012
610502,Marine Military HS,Marine Military Math and Science Academy,145 S Campbell Ave,Chicago,IL,60612,http://www.marinemilitary.org,West Side High School Network,West Side High School Network,Standard,Level 2,No,0,Average,Below Average,13.97,15.25,17.5,14.77,15.67,17.5,,78.20,4.80,0.80,86.30,89.90,37.70,34.20,,58.40,,,Partially Organized,Neutral,Neutral,Neutral,Neutral,Weak,Weak,13,37.30,3.3,2.2,91.30,91.50,95.30,95.20,No,1159815.389,1899102.492,-87.68865058,41.87885054,"{'latitude': '-87.68865058', 'longitude': '41.87885054'}",49.50,57.30,63.40,56.20,,
609768,Hope HS,Hope College Preparatory High School,5515 S Lowe Ave,Chicago,IL,60621,http://jhcp.cps.k12.il.us,Southwest Side High School Network,Southwest Side High School Network,Standard,Level 3,Yes,5,Average,Far Below Average,12.3,13.51,14.9,12.49,14.33,14.9,55.20,57.70,6.10,8.50,63.60,68.50,16.70,12.40,58.20,62.10,59.20,65.40,Moderately Organized,Neutral,Weak,Neutral,Strong,Neutral,Weak,52.10,43.10,3.8,3.5,72.20,76.60,94.30,94.70,No,1172948.54,1868120.666,-87.64134488,41.79355292,"{'latitude': '-87.64134488', 'longitude': '41.79355292'}",63.40,54.70,54.40,57.30,,
610529,Ogden HS,Ogden International High School,1250 W Erie St,Chicago,IL,60622,http://www.ogdenschool.org,North-Northwest Side High School Network,West Side High School Network,Standard,Level 2,No,0,Average,Below Average,14.41,15.95,18.1,14.98,16.13,18.1,,,6.80,5.30,93.30,91.70,,,,,,,Organized,Not Enough Data,Neutral,Strong,Not Enough Data,Not Enough Data,Strong,39.40,50.80,2.4,2.5,94.20,92,,,No,1167748.1,1904529.595,-87.65936676,41.8935757,"{'latitude': '-87.65936676', 'longitude': '41.8935757'}",59.60,58.10,,59.00,,
400022,Chgo Arts Contr HS,Chicago High School for the Arts,521 E 35th St,Chicago,IL,60616,http://www.chiarts.org,Charter/Contract Schools,South Side High School Network,Nonstandard,Level 1,No,0,Far Above Average,Below Average,16.15,16.76,19.7,16.49,17.17,19.7,,,2.60,2.90,,,,,,,,,Not Enough Data,Not Enough Data,Not Enough Data,Not Enough Data,Not Enough Data,Not Enough Data,Not Enough Data,22.20,77.10,3.1,3.6,96.50,96.10,,,No,1180388.648,1881861.054,-87.61364086,41.83109008,"{'latitude': '-87.61364086', 'longitude': '41.83109008'}",,,67.10,66.70,,
610384,Infinity HS,Infinity Math Science and Technology High School,3120 S Kostner Ave,Chicago,IL,60623,http://www.lvlhs.org,West Side High School Network,West Side High School Network,Track E,Level 1,No,0,Far Above Average,Below Average,14.09,15.39,17.4,15.15,16.73,17.4,84.40,81.20,0.30,0.80,98.10,99.10,29,22.70,55.70,62.70,87,66.70,Well-organized,Strong,Strong,Strong,Very Strong,Strong,Strong,78.40,82.80,5.3,4.8,92.20,93.50,96,95.60,No,1147521.302,1883405.128,-87.73419465,41.83601953,"{'latitude': '-87.73419465', 'longitude': '41.83601953'}",84.30,78.60,52.90,73.00,,
609679,Prosser HS,Charles Allen Prosser Career Academy High School,2148 N Long Ave,Chicago,IL,60639,http://www.prosseracademy.org,North-Northwest Side High School Network,North-Northwest Side High School Network,Standard,Level 2,No,0,Average,Below Average,15.47,16.26,17.9,15.61,16.05,17.9,78.70,82.60,3.50,3.90,79.40,79.70,27.70,31.30,58,57,68.80,69.10,Organized,Neutral,Neutral,Strong,Neutral,Neutral,Neutral,74,46.40,4.9,3.1,86,85.30,94.40,94.90,No,1139989.443,1913970.649,-87.76108432,41.92003613,"{'latitude': '-87.76108432', 'longitude': '41.92003613'}",53.60,60.50,62.70,58.70,,
609764,Juarez HS,Benito Juarez Community Academy High School,2150 S Laflin St,Chicago,IL,60608,http://www.benitojuarez.net,West Side High School Network,West Side High School Network,Standard,Level 2,Yes,10,Average,Below Average,13.5,14.77,16.4,13.98,15.33,16.4,56.20,68.80,7.20,5.50,71.10,84,14.80,17.60,48.80,47.20,69.90,70.40,Moderately Organized,Neutral,Neutral,Neutral,Neutral,Neutral,Neutral,86.60,62.40,3.8,4.2,83.70,87.20,95.80,96,Pending,1166665.696,1889615.348,-87.66376931,41.85267306,"{'latitude': '-87.66376931', 'longitude': '41.85267306'}",61.40,53.30,,57.80,,
610506,Team HS,TEAM Englewood Community Academy High School,6201 S Stewart Ave,Chicago,IL,60621,http://www.teamenglewood.org,Southwest Side High School Network,Southwest Side High School Network,Track E,Level 3,Yes,3,Average,Far Below Average,12.04,13.3,14.5,12.81,13.79,14.5,,73.90,3,1.70,77.40,83.90,7.90,3.60,,57.90,,,Organized,Neutral,Neutral,Neutral,Strong,Strong,Weak,48,87,2.7,2.6,87.30,85.60,96.50,96.10,No,1174730.35,1863740.125,-87.63494163,41.7814927,"{'latitude': '-87.63494163', 'longitude': '41.7814927'}",76.60,44.30,52.30,58.70,,
609719,Lake View HS,Lake View High School,4015 N Ashland Ave,Chicago,IL,60613,http://www.lakeviewhs.com,North-Northwest Side High School Network,North-Northwest Side High School Network,Standard,Level 1,No,0,Average,Below Average,15.34,16.94,18.6,15.89,16.95,18.6,81.40,83.20,1.40,1.80,87.30,92,36.60,39.30,62.80,66.10,73,68.30,Partially Organized,Neutral,Neutral,Neutral,Weak,Weak,Strong,80.30,77.30,3.1,2.3,87.70,88.70,96.20,96.20,Pending,1164975.217,1926813.581,-87.66891643,41.95478361,"{'latitude': '-87.66891643', 'longitude': '41.95478361'}",53.50,56.10,,54.90,,
609730,Senn HS,Nicholas Senn High School,5900 N Glenwood Ave,Chicago,IL,60660,http://www.sennhs.org,North-Northwest Side High School Network,North-Northwest Side High School Network,Standard,Level 2,Yes,9,Above Average,Below Average,13.35,14.14,16.5,14.2,14.53,16.5,40.10,47.90,12.80,9.20,79.80,82.80,17.50,14.20,54.40,50.70,80.20,69.40,Organized,Neutral,Neutral,Strong,Strong,Neutral,Neutral,15.50,18,2.5,2.4,81.70,86.30,96.40,96.70,Pending,1165871.81,1939308.369,-87.66526222,41.98905063,"{'latitude': '-87.66526222', 'longitude': '41.98905063'}",62.70,69.60,56.00,63.50,,
610357,Spry HS,Spry Community Links High School,2400 S Marshall Blvd,Chicago,IL,60623,http://www.comlinkshs.org,West Side High School Network,West Side High School Network,Standard,Level 2,No,0,Below Average,Below Average,14.32,15.91,17.5,14.67,16.16,17.5,73.70,87.10,2.10,0.80,92.80,100,35,39.60,65.20,52.60,,68.80,Well-organized,Neutral,Strong,Very Strong,Strong,Neutral,Strong,46.90,24.50,2.5,3.5,95.60,94,95.70,96.60,No,1157044.911,1887895.675,-87.69912725,41.84815451,"{'latitude': '-87.69912725', 'longitude': '41.84815451'}",61.30,40.60,,50.80,,
609710,Harlan HS,John M Harlan Community Academy High School,9652 S Michigan Ave,Chicago,IL,60628,http://www.harlanfalcons.org,Far South Side High School Network,Far South Side High School Network,Standard,Level 3,Yes,17,Average,Far Below Average,13.52,13.75,15.1,12.82,13.67,15.1,47.90,48.30,12.60,10.30,64.40,43.90,5.90,8.20,55.70,58,63.90,60.90,Not Yet Organized,Weak,Weak,Neutral,Weak,Weak,Weak,30.80,33,4.3,4.5,81.20,70.50,94.40,95.30,No,1178815.804,1840781.935,-87.62066069,41.71840075,"{'latitude': '-87.62066069', 'longitude': '41.71840075'}",55.20,54.10,53.70,54.20,,
609725,Morgan Park HS,Morgan Park High School,1744 W Pryor Ave,Chicago,IL,60643,http://www.morganparkcps.org,Far South Side High School Network,Far South Side High School Network,Track E,Level 3,Yes,1,Average,Below Average,14.63,15.89,18.1,14.62,16.08,18.1,80,80.40,1.90,3.80,73.30,63.40,33.60,24.70,78.50,77.10,79.10,73.50,Partially Organized,Neutral,Weak,Neutral,Weak,Neutral,Weak,38.10,46.10,4,4.5,84.20,83,94.60,95,No,1166609.57,1831085.382,-87.66564309,41.69206041,"{'latitude': '-87.66564309', 'longitude': '41.69206041'}",52.20,54.70,64.30,57.10,,
610304,Phoenix Military HS,Phoenix Military Academy High School,145 S Campbell Ave,Chicago,IL,60612,http://www.phoenixmilitary.org,West Side High School Network,West Side High School Network,Standard,Level 2,No,0,Above Average,Below Average,15.04,15.88,18.9,15.39,16.6,18.9,74.80,77.80,0.70,3.60,74.10,81.60,33.90,34.90,51.30,46.60,,54.30,Well-organized,Strong,Strong,Very Strong,Very Strong,Strong,Neutral,87.40,94.80,1.8,1.9,92.10,93.30,97.40,97.30,No,1159815.389,1899102.492,-87.68865058,41.87885054,"{'latitude': '-87.68865058', 'longitude': '41.87885054'}",56.50,72.70,52.20,61.90,,
609691,North-grand HS,North-Grand High School,4338 W Wabansia Ave,Chicago,IL,60639,http://www.northgrandhs.cps.k12.il.us,West Side High School Network,West Side High School Network,Standard,Level 3,Yes,5,Average,Far Below Average,13.32,14.18,15.4,13.51,14.48,15.4,69.70,65.90,2.50,5.10,81.30,76.40,15.80,17.20,41.30,52.50,55.40,57.80,Partially Organized,Weak,Neutral,Neutral,Neutral,Neutral,Neutral,31.30,65.40,2.4,4,88.60,85.70,95.60,96.10,No,1147041.135,1910981.274,-87.73525151,41.91170094,"{'latitude': '-87.73525151', 'longitude': '41.91170094'}",50.00,61.10,58.90,56.50,,
609754,Chgo Military Acad HS,Chicago Military Academy High School,3519 S Giles Ave,Chicago,IL,60653,http://www.chicagomilitaryacademy.org,South Side High School Network,South Side High School Network,Standard,Level 3,Yes,1,Far Above Average,Below Average,14.75,15.65,18,14.44,15.63,18,83.60,68.50,5.10,9.10,88.10,93.40,24.40,19.80,69.30,57.70,63.90,80.30,Partially Organized,Not Enough Data,Weak,Neutral,Not Enough Data,Not Enough Data,Neutral,39.80,22.20,2.6,2.2,90.30,89.70,95.60,96.20,No,1178881.169,1881647.166,-87.61917837,41.83053768,"{'latitude': '-87.61917837', 'longitude': '41.83053768'}",57.80,76.30,65.50,68.00,,
610390,Rickover HS,Hyman G Rickover Naval Academy High School,5900 N Glenwood Ave,Chicago,IL,60660,http://www.rickovernaval.org,North-Northwest Side High School Network,North-Northwest Side High School Network,Standard,Level 2,No,0,Average,Below Average,15.19,15.84,18.5,15.25,16.31,18.5,63,72.10,3.50,2.20,90.70,88.30,23.40,19.20,63.50,63.60,72.30,58.80,Organized,Strong,Strong,Neutral,Neutral,Neutral,Strong,11.30,11,3,1.9,92.90,93.30,95.90,95.90,Pending,1165871.81,1939308.369,-87.66526222,41.98905063,"{'latitude': '-87.66526222', 'longitude': '41.98905063'}",50.00,64.40,57.50,57.60,,
609695,Amundsen HS,Roald Amundsen High School,5110 N Damen Ave,Chicago,IL,60625,http://www.amundsenhs.org,North-Northwest Side High School Network,North-Northwest Side High School Network,Standard,Level 3,Yes,3,Above Average,Below Average,13.84,14.73,16.8,14.22,14.96,16.8,64.60,65.10,6.90,6,72.20,73.80,16,22.50,49.10,54.40,69.60,64.80,Partially Organized,Neutral,Neutral,Neutral,Weak,Neutral,Neutral,69.50,89.10,4.5,4.4,81.10,82.40,95.90,95.60,No,1162034.157,1934187.196,-87.67952139,41.97507922,"{'latitude': '-87.67952139', 'longitude': '41.97507922'}",47.50,65.20,66.30,60.00,,
609734,Taft HS,William Howard Taft High School,6530 W Bryn Mawr Ave,Chicago,IL,60631,,North-Northwest Side High School Network,North-Northwest Side High School Network,Standard,Level 2,No,0,Average,Below Average,15.46,16.67,18.4,15.48,16.71,18.4,67.40,73.50,2,3.50,77.30,73.10,32.30,29.90,62.20,66.60,81,79,Well-organized,Strong,Neutral,Neutral,Strong,Strong,Strong,36.70,40.10,2.6,2.4,89.10,89.30,96.10,95.80,No,1131556.247,1936856.822,-87.7915383,41.98298852,"{'latitude': '-87.7915383', 'longitude': '41.98298852'}",48.00,63.40,65.70,58.80,,
610383,Greater Lawndale HS,Greater Lawndale High School For Social Justice,3120 S Kostner Ave,Chicago,IL,60623,http://sj.lvlhs.org,West Side High School Network,West Side High School Network,Track E,Level 2,No,0,Average,Below Average,13.91,14.67,16.2,14.45,15.54,16.2,67,70.90,3,2.50,87.40,83,14.90,26.20,57.40,47.10,71.40,72.70,Moderately Organized,Neutral,Neutral,Strong,Neutral,Weak,Neutral,68.70,59,3,3.9,87.50,88.90,95.10,94.40,No,1147521.302,1883405.128,-87.73419465,41.83601953,"{'latitude': '-87.73419465', 'longitude': '41.83601953'}",49.40,61.60,,56.00,,
400091,Chicago Tech Academy,Chicago Technology Academy High School,1301 W 14th St,Chicago,IL,60608,http://www.chicagotechacademy.org,Charter/Contract Schools,West Side High School Network,Nonstandard,Not Enough Data,No,0,Not Enough Data,Far Below Average,13.38,15.17,15,13,13.66,15,,,8.10,6.20,,,,,,,,,Not Yet Organized,Very Weak,Neutral,Neutral,Weak,Weak,Neutral,83,90.30,2.7,2,87.50,84.20,,,No,1167895.908,1893487.722,-87.65914247,41.86327277,"{'latitude': '-87.65914247', 'longitude': '41.86327277'}",,,,,,
609724,Mather HS,Stephen T Mather High School,5835 N Lincoln Ave,Chicago,IL,60659,http://www.matherhs.org,North-Northwest Side High School Network,North-Northwest Side High School Network,Standard,Level 2,No,0,Above Average,Below Average,14.96,15.59,16.7,14.23,15.53,16.7,56.20,60.90,9,6.70,59,63.10,24.60,20.30,57.40,64.20,80,69.40,Moderately Organized,Neutral,Neutral,Neutral,Neutral,Neutral,Neutral,66,91.50,3.1,2.8,87.60,88.70,96.50,96.40,Pending,1155766.152,1938701.409,-87.70244871,41.9875954,"{'latitude': '-87.70244871', 'longitude': '41.9875954'}",55.80,68.80,65.50,63.20,,
609726,Brooks HS,Gwendolyn Brooks College Preparatory Academy HS,250 E 111th St,Chicago,IL,60628,http://www.brookscollegeprep.org,Far South Side High School Network,Far South Side High School Network,Standard,Level 1,No,0,Far Above Average,Average,18.1,18.79,21.8,19.05,19.23,21.8,88.10,88.20,1.80,0.90,90.30,92.60,51.10,58,87.90,85.80,87.20,82.90,Organized,Not Enough Data,Neutral,Strong,Not Enough Data,Not Enough Data,Strong,,8.60,,3.7,87.10,90.10,95.20,95.30,No,1180061.781,1831459.213,-87.61638144,41.69278956,"{'latitude': '-87.61638144', 'longitude': '41.69278956'}",65.70,67.80,69.40,67.70,,
609738,Lincoln Park HS,Lincoln Park High School,2001 N Orchard St,Chicago,IL,60614,http://www.lincolnparkhs.org,North-Northwest Side High School Network,North-Northwest Side High School Network,Standard,Level 2,No,0,Above Average,Above Average,17.89,19.05,22.3,18.06,19.36,22.3,77.90,73.10,1.50,3.50,74.40,76.50,53.60,54,75.50,81,80.30,83.50,Organized,Strong,Neutral,Strong,Weak,Neutral,Strong,51.70,38.60,2.5,3.3,84.60,86.30,96,95.60,No,1171322.336,1913569.392,-87.64597389,41.91830362,"{'latitude': '-87.64597389', 'longitude': '41.91830362'}",50.50,59.30,71.10,59.50,,
610297,School Of Leadrshp HS,High School of Leadership at South Shore,7627 S Constance Ave,Chicago,IL,60649,,South Side High School Network,South Side High School Network,Standard,Level 3,Yes,7,Below Average,Far Below Average,11.65,13.07,13.9,,13.53,13.9,36.60,42.60,21.40,11.20,48.80,,12.20,6.10,68.80,55.30,57.70,42.10,Not Yet Organized,Weak,Weak,Neutral,Neutral,Weak,Weak,56.80,53.90,3.4,3.2,72,70.90,95.20,93.90,No,1189903.206,1854648.757,-87.57960727,41.75619362,"{'latitude': '-87.57960727', 'longitude': '41.75619362'}",,52.70,47.10,49.40,,
609705,Fenger HS,Christian Fenger Academy High School,11220 S Wallace St,Chicago,IL,60628,http://www.fengerhighschool.org,Far South Side High School Network,Far South Side High School Network,Track E,Level 3,Yes,17,Below Average,Far Below Average,12.36,13.23,14.1,12.38,14.02,14.1,34.80,45.10,19.70,16.50,68.20,71.90,11.30,8.60,36.70,49.30,42.90,49.40,Partially Organized,Weak,Neutral,Neutral,Neutral,Weak,Neutral,27.80,21.60,4.3,4.4,74.40,77.90,95.40,95.10,Pending,1174272.711,1830372.91,-87.63760833,41.68993885,"{'latitude': '-87.63760833', 'longitude': '41.68993885'}",47.70,53.60,,50.40,,
609711,Harper HS,William Rainey Harper High School,6520 S Wood St,Chicago,IL,60636,http://www.harperhighschool.org,Southwest Side High School Network,Southwest Side High School Network,Track E,Level 3,Yes,17,Far Below Average,Far Below Average,12.75,13.76,14.6,12.23,13.81,14.6,37,43.10,14.50,12.10,64.20,71.20,5.90,9.80,40.30,38.50,46.70,41.40,Moderately Organized,Neutral,Not Enough Data,Not Enough Data,Neutral,Neutral,Not Enough Data,69.50,44.20,3.3,3,73,78.90,94.70,95,No,1165424.867,1861341.255,-87.66912563,41.77511222,"{'latitude': '-87.66912563', 'longitude': '41.77511222'}",45.60,40.20,,42.60,,
609737,Von Steuben HS,Friedrich W Von Steuben Metropolitan Science HS,5039 N Kimball Ave,Chicago,IL,60625,http://www.vonsteuben.org,North-Northwest Side High School Network,North-Northwest Side High School Network,Standard,Level 1,No,0,Above Average,Average,16,16.84,20.2,15.76,17.33,20.2,88.20,88.20,0.80,1.10,76.80,77.30,34.60,38.60,78.50,80.10,84.30,77.30,Organized,Strong,Neutral,Strong,Weak,Neutral,Strong,74.20,71.40,3.3,2.4,87,89.60,95.60,95.40,No,1152840.522,1933431.315,-87.71334969,41.9731926,"{'latitude': '-87.71334969', 'longitude': '41.9731926'}",60.20,69.90,70.90,66.30,,
609762,Julian HS,Percy L Julian High School,10330 S Elizabeth St,Chicago,IL,60643,http://www.pljulianhs.net,Far South Side High School Network,Far South Side High School Network,Standard,Level 2,Yes,9,Above Average,Far Below Average,13.27,13.96,15.5,12.98,14.53,15.5,60.30,55,7.20,6,65.30,65.10,8.30,7.30,54.90,55.80,73.30,71.30,Partially Organized,Neutral,Weak,Neutral,Neutral,Neutral,Weak,18.60,28.50,4.3,4,74.60,75.90,94.20,93.70,No,1169808.363,1836139.004,-87.65378585,41.70585971,"{'latitude': '-87.65378585', 'longitude': '41.70585971'}",61.50,56.30,62.40,60.10,,
609718,Kennedy HS,John F Kennedy High School,6325 W 56th St,Chicago,IL,60638,http://www.kennedyhschicago.org,Southwest Side High School Network,Southwest Side High School Network,Standard,Level 2,Yes,9,Above Average,Below Average,15.22,16.07,17.9,15.61,16.27,17.9,53.30,62.30,7.90,7.60,59.70,60.40,24.40,22.60,52.90,51.80,76.10,75,Partially Organized,Not Enough Data,Weak,Weak,Not Enough Data,Not Enough Data,Neutral,28.80,17.70,1.7,2.1,83,83.10,94.70,94.90,No,1135044.301,1866707.447,-87.78037224,41.79042796,"{'latitude': '-87.78037224', 'longitude': '41.79042796'}",69.10,67.90,61.70,66.40,,
610380,"Williams, D",Daniel Hale Williams Prep School of Medicine,4934 S Wabash Ave,Chicago,IL,60615,http://www.dhwprepmed.org,South Side High School Network,South Side High School Network,Standard,Level 2,No,0,Above Average,Below Average,15.18,15.49,18,15.06,16.68,18,,81.70,1.10,1,90.10,86.30,32.70,18.80,,74.50,,,Moderately Organized,Neutral,Neutral,Strong,Weak,Neutral,Neutral,42.80,35.40,2.9,3.3,91.30,88.90,96.70,96.40,No,1177513.255,1872170.444,-87.62448408,41.80456384,"{'latitude': '-87.62448408', 'longitude': '41.80456384'}",61.50,68.10,57.40,62.70,,
609694,Hancock HS,John Hancock College Preparatory High School,4034 W 56th St,Chicago,IL,60629,http://www.hancockhs.org,Southwest Side High School Network,Southwest Side High School Network,Standard,Level 2,Yes,6,Above Average,Below Average,14.85,15.18,16.9,14.88,15.84,16.9,56.10,64,7.20,3.90,87.40,91.80,22.60,22,45.90,50.60,66.20,68.20,Moderately Organized,Neutral,Neutral,Neutral,Neutral,Neutral,Neutral,18.10,9.70,2.6,3.7,78.20,84,95.90,96.40,No,1150280.45,1867197.827,-87.72449161,41.79149114,"{'latitude': '-87.72449161', 'longitude': '41.79149114'}",65.20,56.80,62.80,61.90,,
609755,Young HS,Whitney M Young Magnet High School,211 S Laflin St,Chicago,IL,60607,http://www.wyoung.org,West Side High School Network,West Side High School Network,Standard,Level 1,No,0,Far Above Average,Far Above Average,21.05,22.99,27,21.19,23.4,27,93.90,91.20,1.30,0.40,96.70,97,89,91.60,88.30,86.90,91.20,90.40,Well-organized,Very Strong,Strong,Strong,Very Strong,Strong,Very Strong,75,43.80,4.4,2.5,94.60,95.50,94.90,95.10,No,1166475.742,1899058.627,-87.66419634,41.87859028,"{'latitude': '-87.66419634', 'longitude': '41.87859028'}",74.10,70.20,66.70,70.40,Yes,2009
609746,Kenwood HS,Kenwood Academy High School,5015 S Blackstone Ave,Chicago,IL,60615,http://www.kenwoodacademy.org,South Side High School Network,South Side High School Network,Standard,Level 2,No,0,Average,Below Average,15.62,16.74,19.3,15.66,16.98,19.3,69.50,76.50,1.90,1.10,70.30,71.50,26.80,30.70,79.70,83,76.20,75.80,Partially Organized,Neutral,Neutral,Neutral,Very Weak,Very Weak,Strong,95.10,97.10,3.9,3.2,88.40,87.80,95.30,95.20,No,1186813.047,1871954.152,-87.59038395,41.80375479,"{'latitude': '-87.59038395', 'longitude': '41.80375479'}",68.00,44.10,62.40,58.50,,
610513,Air Force HS,Air Force Academy High School,3630 S Wells St,Chicago,IL,60609,http://www.afahs.org,Southwest Side High School Network,Southwest Side High School Network,Standard,Level 2,No,0,Far Above Average,Below Average,14.61,16.14,18.2,15.29,16.27,18.2,,,5,0.70,91.80,97.40,,,,,,,Organized,Neutral,Strong,Neutral,Neutral,Neutral,Neutral,13.10,11.60,3,3.2,93.30,82.90,96.90,97.20,Yes,1175177.622,1880745.126,-87.63279369,41.82814609,"{'latitude': '-87.63279369', 'longitude': '41.82814609'}",74.30,82.90,54.70,70.60,,
610402,Devry HS,DeVry University Advantage Academy HS,3300 N Campbell,Chicago,IL,60618,http://www.devry.cps.k12.il.us,North-Northwest Side High School Network,North-Northwest Side High School Network,Standard,Level 1,No,0,Not Enough Data,Average,,,21,,,21,,,0.50,0.50,,,40.60,72.50,63.30,83,79.40,83.60,Well-organized,Very Strong,Strong,Very Strong,Very Strong,Very Strong,Very Strong,,63.60,,2.1,96.70,97.60,94.50,97,No,1159059.411,1921900.745,-87.6907993,41.94142629,"{'latitude': '-87.6907993', 'longitude': '41.94142629'}",,,,,,
610389,Orr HS,Orr Academy High School,730 N Pulaski Rd,Chicago,IL,60624,http://www.orracademy.org,AUSL Schools,West Side High School Network,Standard,Level 3,Yes,2,Below Average,Far Below Average,11.93,13.38,14.3,12.03,13.59,14.3,,,20.10,21.40,59.50,42.90,5.80,11.60,51.90,42.40,47.50,61.50,Partially Organized,Very Weak,Neutral,Strong,Very Weak,Weak,Neutral,66.70,52.20,2.5,4.3,66.30,58,95,94.30,No,1149548.53,1904711.708,-87.72620305,41.89444828,"{'latitude': '-87.72620305', 'longitude': '41.89444828'}",,,44.80,44.80,,
609680,Payton HS,Walter Payton College Preparatory High School,1034 N Wells St,Chicago,IL,60610,http://www.wpcp.org,North-Northwest Side High School Network,North-Northwest Side High School Network,Standard,Level 1,No,0,Far Above Average,Far Above Average,21.41,23.35,27.8,21.95,23.74,27.8,96.90,90.90,1.90,1.90,90.70,92.30,96.40,93.10,82.40,84.60,96.10,97.10,Well-organized,Very Strong,Very Strong,Very Strong,Strong,Strong,Very Strong,23.50,34.30,3.8,4.1,93.40,93.90,96.10,96.20,No,1174484.638,1907490.082,-87.63453744,41.90155157,"{'latitude': '-87.63453744', 'longitude': '41.90155157'}",75.00,68.80,,72.70,Yes,2008
609732,Steinmetz College Prep HS,Charles P Steinmetz College Preparatory HS,3030 N Mobile Ave,Chicago,IL,60634,http://www.steinmetzac.com,North-Northwest Side High School Network,North-Northwest Side High School Network,Standard,Level 2,Yes,9,Below Average,Below Average,13.28,14.23,16.4,13.95,14.72,16.4,56.70,58.60,8,8.20,70.30,73.60,16.30,15.90,47,48.80,62.10,61.60,Moderately Organized,Neutral,Not Enough Data,Not Enough Data,Neutral,Neutral,Not Enough Data,57.80,36.50,3,3,79.20,82.20,96.20,95.70,Pending,1133838.348,1919613.694,-87.78355194,41.93563171,"{'latitude': '-87.78355194', 'longitude': '41.93563171'}",37.20,59.10,60.50,51.80,,
610543,Solorio HS,Eric Solorio Academy High School,5400 S St Louis Ave,Chicago,IL,60632,http://www.solorioacademy.cps.k12.il.us,AUSL Schools,Southwest Side High School Network,Standard,Not Enough Data,No,0,Not Enough Data,Not Enough Data,,,,14.19,16.54,,,,1.30,3,85.60,84.60,,,,,,,Well-organized,Strong,Strong,Strong,Strong,Very Strong,Neutral,86.20,59,1.8,1.5,92.20,92.20,,97.10,No,1153924.117,1868568.611,-87.71109447,41.79518118,"{'latitude': '-87.71109447', 'longitude': '41.79518118'}",,,,,,
610323,Bowen HS,Bowen High School,2710 E 89th St,Chicago,IL,60617,http://www.bowenhs.org,South Side High School Network,South Side High School Network,Standard,Level 3,Yes,5,Average,Far Below Average,12.37,13.24,14.2,12.1,13.16,14.2,67.20,56.90,4.10,0.20,62.10,70,16.70,13.30,52.40,53.80,57.80,61.20,Partially Organized,Weak,Neutral,Neutral,Neutral,Weak,Weak,39.90,39.80,4.2,2.6,75.60,76.40,94.70,95.60,No,1195939.937,1846527.528,-87.55775263,41.73376107,"{'latitude': '-87.55775263', 'longitude': '41.73376107'}",,,54.00,53.40,,
609674,Chicago Vocational HS,Chicago Vocational Career Academy High School,2100 E 87th St,Chicago,IL,60617,http://cvcacademy.org,South Side High School Network,South Side High School Network,Standard,Level 3,Yes,11,Above Average,Far Below Average,13,13.5,14.7,11.93,13.88,14.7,49.50,55.20,6.80,3.20,44.10,71.70,7,6.40,54,62.30,62.70,59.40,Moderately Organized,Strong,Weak,Neutral,Neutral,Neutral,Weak,37,47.60,3.8,3.8,68.80,80.40,94.60,94.30,No,1191700.593,1847743.551,-87.57324389,41.73720173,"{'latitude': '-87.57324389', 'longitude': '41.73720173'}",64.50,74.50,57.40,64.50,,
610394,Uplift HS,Uplift Community High School,900 W Wilson Ave,Chicago,IL,60640,http://www.uplifths.org,North-Northwest Side High School Network,North-Northwest Side High School Network,Standard,Level 2,No,0,Above Average,Below Average,13.6,15.06,16.5,13.93,15.2,16.5,62.40,70.70,1.10,2.80,91.40,84.80,19.60,26.30,65,65.40,60,59.30,Partially Organized,Neutral,Neutral,Neutral,Weak,Neutral,Neutral,30.70,43.10,3.3,3.2,88.70,90.30,95.90,95.10,Pending,1169403.401,1930780.685,-87.65252191,41.96557412,"{'latitude': '-87.65252191', 'longitude': '41.96557412'}",60.60,63.60,62.50,62.20,,
609727,Phillips HS,Wendell Phillips Academy High School,244 E Pershing Rd,Chicago,IL,60653,http://www.phillips.cps.k12.il.us,AUSL Schools,South Side High School Network,Track E,Level 3,Yes,17,Far Below Average,Far Below Average,11.52,13.1,14.1,13.13,14.18,14.1,40.30,41.20,32.80,3.50,32.10,65,2.50,6.90,42.60,39.20,47.50,42.60,Organized,Neutral,Neutral,Strong,Strong,Neutral,Neutral,85.90,92.50,3.2,3.1,63,70.30,96.10,95.40,No,1178735.106,1879229.78,-87.61978794,41.82390751,"{'latitude': '-87.61978794', 'longitude': '41.82390751'}",,,29.30,28.20,,
609741,Hubbard HS,Gurdon S Hubbard High School,6200 S Hamlin Ave,Chicago,IL,60629,http://www.hubbard.cps.k12.il.us,Southwest Side High School Network,Southwest Side High School Network,Standard,Level 3,Yes,1,Far Above Average,Below Average,14.68,15.46,17.8,14.56,15.39,17.8,57.20,62.80,9,7.40,64.50,73.10,30.10,25.40,51.30,59.70,73.50,73.40,Well-organized,Strong,Neutral,Neutral,Very Strong,Strong,Neutral,10.50,27,4.3,3.1,89.30,89.90,96.40,96.80,Pending,1152065.741,1863208.025,-87.71804991,41.78050763,"{'latitude': '-87.71804991', 'longitude': '41.78050763'}",72.50,65.50,70.00,69.50,,
610245,Douglass HS,Frederick A Douglass Academy High School,543 N Waller Ave,Chicago,IL,60644,http://www.douglassacademy.org,West Side High School Network,West Side High School Network,Standard,Level 3,Yes,5,Below Average,Far Below Average,13.31,13.5,14.7,12.34,13.62,14.7,52.80,60.40,4,0.60,77.10,70.50,5.10,8.70,39.50,39.20,50,27.90,Well-organized,Strong,Not Enough Data,Not Enough Data,Strong,Strong,Not Enough Data,49,72.30,5.9,5.2,79.20,76.90,94.70,94.30,No,1138278.715,1903151.591,-87.76763207,41.89037849,"{'latitude': '-87.76763207', 'longitude': '41.89037849'}",50.00,59.20,32.60,48.00,,
609707,Robeson HS,Paul Robeson High School,6835 S Normal Blvd,Chicago,IL,60621,http://www.prhs.org,Southwest Side High School Network,Southwest Side High School Network,Track E,Level 3,Yes,17,Far Below Average,Far Below Average,11.74,12.96,13.8,11.06,12.65,13.8,40.60,43.90,4.30,18.60,53.30,51.20,2.90,8.10,42.20,47.40,48.40,51.70,Partially Organized,Weak,Not Enough Data,Not Enough Data,Neutral,Neutral,Not Enough Data,67.20,64.60,4.6,5.1,73.50,74.90,94.70,94.50,No,1174171.884,1859450.314,-87.63711641,41.76973341,"{'latitude': '-87.63711641', 'longitude': '41.76973341'}",44.30,42.30,41.20,42.50,,
609749,Northside Prep HS,Northside College Preparatory High School,5501 N Kedzie Ave,Chicago,IL,60625,http://www.northsideprep.org,North-Northwest Side High School Network,North-Northwest Side High School Network,Standard,Level 1,No,0,Far Above Average,Far Above Average,22.42,24.7,29.6,22.2,24.59,29.6,97.60,98.30,0.10,0.40,95.90,98.50,98,97.60,90.70,87.50,95.80,92.10,Well-organized,Very Strong,Very Strong,Very Strong,Strong,Strong,Very Strong,15.50,14.70,4,3.8,95.70,95.90,96.80,96.20,No,1154090.859,1936413.866,-87.70867192,41.98135196,"{'latitude': '-87.70867192', 'longitude': '41.98135196'}",80.50,74.70,,77.70,Yes,2011
610547,South Shore Intl HS,South Shore Intl College Prep High School,1955 E 75th St,Chicago,IL,60649,http://www.southshoreinternational.org,South Side High School Network,South Side High School Network,Standard,Not Enough Data,No,0,Below Average,Not Enough Data,,,,13.71,,,,,,2.70,,77.40,,,,,,,Organized,Neutral,Neutral,Neutral,Strong,Strong,Neutral,,64.20,,4.8,,85.30,,94.20,No,1190778.553,1855593.152,-87.57636891,41.75876403,"{'latitude': '-87.57636891', 'longitude': '41.75876403'}",51.20,,,51.20,,
609704,Farragut HS,David G Farragut Career Academy High School,2345 S Christiana Ave,Chicago,IL,60623,http://www.farragutcareeracademy.org,West Side High School Network,West Side High School Network,Standard,Level 2,No,0,Average,Far Below Average,13.01,14.23,15.9,12.84,14.45,15.9,43.20,47.60,13.60,9.30,68.60,64.70,13.40,16.30,31.30,38.90,61.50,58.20,Partially Organized,Weak,Neutral,Neutral,Weak,Neutral,Neutral,16.50,14,2.8,3.5,86.10,83.40,95.20,95.20,No,1154443.895,1888031.41,-87.70866954,41.8485793,"{'latitude': '-87.70866954', 'longitude': '41.8485793'}",58.70,49.00,55.20,54.30,,
609723,Marshall HS,John Marshall Metropolitan High School,3250 W Adams St,Chicago,IL,60624,http://www.marshallmetrohighschool.org,West Side High School Network,West Side High School Network,Standard,Level 3,Yes,17,Above Average,Far Below Average,11.81,13.44,14.4,12.29,13.79,14.4,36.80,48.20,18.30,13,55.20,57.60,6.50,5.30,45.20,43,65.50,48.60,Partially Organized,Neutral,Neutral,Weak,Neutral,Weak,Neutral,43,28,2.5,3.1,74.10,77.40,95.80,93.90,No,1154542.583,1898925.511,-87.70801612,41.87847194,"{'latitude': '-87.70801612', 'longitude': '41.87847194'}",64.30,58.60,,61.60,,
609693,George Westinghouse HS,George Westinghouse High School,3223 W Franklin Blvd,Chicago,IL,60624,http://www.newwestinghouse.org,West Side High School Network,West Side High School Network,Standard,Level 1,No,0,Above Average,Average,16.14,17.18,20,17.08,18.63,20,,,1.40,1.30,90.50,90.20,,,,,,,Well-organized,Strong,Strong,Strong,Very Strong,Strong,Strong,73.20,72.10,2.2,2.8,93.60,93.50,96.80,96.50,No,1154695.243,1903109.304,-87.70734353,41.88994963,"{'latitude': '-87.70734353', 'longitude': '41.88994963'}",57.50,68.40,,63.20,,
610381,Bronzeville HS,Bronzeville Scholastic Academy High School,4934 S Wabash Ave,Chicago,IL,60615,http://www.bronzevillescholastic.com,South Side High School Network,South Side High School Network,Standard,Level 3,Yes,4,Average,Below Average,14.67,15.89,16.9,14.54,15.37,16.9,85.30,72.30,2.60,4.10,71.10,69.30,14.70,15.30,73.20,74.10,73.20,64.80,Not Yet Organized,Weak,Neutral,Neutral,Weak,Very Weak,Neutral,50.50,43.90,3.1,2.9,92.30,91.70,95.60,94.60,No,1177513.255,1872170.444,-87.62448408,41.80456384,"{'latitude': '-87.62448408', 'longitude': '41.80456384'}",52.80,58.70,50.90,54.10,,
609736,Dyett HS,Dyett High School,555 E 51st St,Chicago,IL,60615,http://www.dyett.cps.k12.il.us,South Side High School Network,South Side High School Network,Track E,Level 3,Yes,8,Average,Far Below Average,12.08,13.11,14.7,11.63,13.52,14.7,33.70,44,16.30,18.60,37.10,53.40,3.30,6.90,51,63.20,54.50,53.10,Not Yet Organized,Weak,Weak,Neutral,Weak,Weak,Weak,75.50,84,3.1,3.3,62.50,65.80,93.50,93.60,No,1180944.201,1871282.832,-87.61192836,41.80204982,"{'latitude': '-87.61192836', 'longitude': '41.80204982'}",53.80,51.30,55.60,53.50,,
610518,Voise HS,VOISE Academy High School,231 N Pine Ave,Chicago,IL,60644,http://www.voiseacademy.org,West Side High School Network,West Side High School Network,Standard,Level 3,Yes,2,Average,Far Below Average,12.93,13.8,15.6,12.9,14.1,15.6,,,4.70,0.60,82,77.30,,12.10,,,,,Well-organized,Neutral,Neutral,Strong,Strong,Strong,Neutral,61.50,57.10,4.1,3.3,84.50,82,96.50,95.30,No,1139494.763,1901274.258,-87.76321191,41.88520477,"{'latitude': '-87.76321191', 'longitude': '41.88520477'}",38.70,65.80,64.80,55.40,,
609733,Sullivan HS,Roger C Sullivan High School,6631 N Bosworth Ave,Chicago,IL,60626,http://www.sullivanhs.org,North-Northwest Side High School Network,North-Northwest Side High School Network,Standard,Level 3,Yes,8,Below Average,Far Below Average,12.64,13.78,14.5,13.23,14.14,14.5,39.30,45.20,11.70,11.30,68.60,62.40,14.80,14.50,52.10,63.20,84.90,67.10,Moderately Organized,Neutral,Neutral,Neutral,Neutral,Neutral,Weak,23.40,36.90,2.9,2.8,81.60,80.20,95.80,95.60,Pending,1164774.883,1944269.292,-87.66915533,42.00268694,"{'latitude': '-87.66915533', 'longitude': '42.00268694'}",47.50,60.30,45.50,50.00,,
609716,Kelvyn Park HS,Kelvyn Park High School,4343 W Wrightwood Ave,Chicago,IL,60639,http://www.kelvynparkhs.org,North-Northwest Side High School Network,North-Northwest Side High School Network,Standard,Level 3,Yes,17,Above Average,Far Below Average,12.8,13.77,15.2,13.09,14.2,15.2,54.10,58.50,6,11.80,56.90,65.30,16.70,14.40,35,37.10,59.30,54.20,Partially Organized,Not Enough Data,Neutral,Weak,Not Enough Data,Not Enough Data,Neutral,23.60,10.30,2.2,2.8,74.40,76.30,94.50,94.90,No,1146795.845,1916879.493,-87.73600171,41.92789092,"{'latitude': '-87.73600171', 'longitude': '41.92789092'}",54.50,67.20,58.80,59.10,,
609756,Curie HS,Marie Sklodowska Curie Metropolitan High School,4959 S Archer Ave,Chicago,IL,60632,http://www.curiehs.org,Southwest Side High School Network,Southwest Side High School Network,Standard,Level 3,Yes,4,Far Above Average,Below Average,14.26,14.98,17.3,14.21,15.24,17.3,76.10,76.80,3.20,2.90,61,65.20,22.90,25.10,61.30,62,81.50,78.40,Not Yet Organized,Weak,Weak,Neutral,Very Weak,Weak,Neutral,42.30,35.90,2.7,2.8,85,83.10,95,95.20,No,1150928.132,1871413.203,-87.72200673,41.80304615,"{'latitude': '-87.72200673', 'longitude': '41.80304615'}",69.20,63.20,,66.50,,
609712,Hirsch HS,Emil G Hirsch Metropolitan High School,7740 S Ingleside Ave,Chicago,IL,60619,http://www.hirschmetro.org,South Side High School Network,South Side High School Network,Track E,Level 3,Yes,5,Far Below Average,Far Below Average,11.47,12.29,13.5,12.71,13,13.5,36.20,45.80,7.40,11.20,69.50,71.60,10.80,6.50,45.10,55.10,56.10,61.10,Not Enough Data,Not Enough Data,Not Enough Data,Not Enough Data,Not Enough Data,Not Enough Data,Not Enough Data,33.80,23.30,3.9,4.1,84.80,80.70,95.40,93.90,No,1183865.127,1853710.216,-87.60176452,41.7537612,"{'latitude': '-87.60176452', 'longitude': '41.7537612'}",41.90,39.10,45.60,42.50,,
609682,Richards HS,Ellen H Richards Career Academy High School,5009 S Laflin St,Chicago,IL,60609,http://www.richardscareeracademy.org,Southwest Side High School Network,Southwest Side High School Network,Track E,Level 2,Yes,17,Average,Far Below Average,11.99,12.89,14.8,12.53,14.15,14.8,57.30,64.80,1.50,0.40,63.50,80,5.50,8.80,43.10,52.10,48.60,64.80,Not Yet Organized,Very Weak,Neutral,Weak,Very Weak,Weak,Weak,12.40,36.50,4,6,90.60,85.80,95.70,95.30,Pending,1167224.006,1871465.305,-87.66224052,41.80285552,"{'latitude': '-87.66224052', 'longitude': '41.80285552'}",62.50,55.90,53.60,57.30,,
610385,Multicultural Acad Scholarship,Multicultural Academy of Scholarship,3120 S Kostner Ave,Chicago,IL,60623,http://www.lvlhs.org,West Side High School Network,West Side High School Network,Track E,Level 2,No,0,Average,Below Average,13.31,14.2,16.5,,14.54,16.5,58,57.50,5.80,4.50,78.70,94.60,21.10,21.90,58.50,50,51.60,71.10,Organized,Strong,Neutral,Neutral,Neutral,Strong,Neutral,38.50,57.70,3.2,2.4,89.20,91.90,96.70,95.70,No,1147521.302,1883405.128,-87.73419465,41.83601953,"{'latitude': '-87.73419465', 'longitude': '41.83601953'}",,57.30,52.10,54.80,,
609761,Corliss HS,George H Corliss High School,821 E 103rd St,Chicago,IL,60628,http://www.newcorlisshs.org,Far South Side High School Network,Far South Side High School Network,Standard,Level 3,Yes,11,Average,Far Below Average,11.94,12.91,14.7,12.36,12.95,14.7,42.80,45.50,14.10,7.10,76.20,60,10.60,11.90,44,50,58.90,64.20,Partially Organized,Neutral,Weak,Neutral,Neutral,Neutral,Weak,48.60,68.60,4.8,5.3,71.30,73.60,95.20,95.20,No,1183649.971,1836810.314,-87.60307842,41.70739096,"{'latitude': '-87.60307842', 'longitude': '41.70739096'}",36.80,63.10,56.40,52.80,,
610499,Collins HS,Collins Academy High School,1313 S Sacramento Dr,Chicago,IL,60623,http://www.collinsacademyhs.org,AUSL Schools,West Side High School Network,Standard,Level 3,Yes,1,Below Average,Far Below Average,12.71,14.1,15.5,13.07,13.83,15.5,,70.50,2.90,2.30,70.40,62.90,20.50,14.50,,67.90,,,Not Yet Organized,Weak,Neutral,Neutral,Weak,Weak,Neutral,96.20,96.50,2.5,3.6,91.40,90.10,96.60,96,No,1156217.24,1893722.861,-87.70200761,41.86416169,"{'latitude': '-87.70200761', 'longitude': '41.86416169'}",41.60,51.60,54.30,49.40,,
609728,Roosevelt HS,Theodore Roosevelt High School,3436 W Wilson Ave,Chicago,IL,60625,http://www.rhsroughriders.org,North-Northwest Side High School Network,North-Northwest Side High School Network,Standard,Level 3,Yes,9,Far Below Average,Far Below Average,13.27,14.14,15.2,13.64,15.19,15.2,59.40,54.20,10.90,7.50,61.20,61.30,13.70,18.50,42.90,46.60,73,74.60,Partially Organized,Weak,Neutral,Neutral,Weak,Neutral,Neutral,91.50,93.60,2.1,3.1,82.30,85.20,96.10,95.80,No,1152459.778,1930390.229,-87.71483051,41.96485522,"{'latitude': '-87.71483051', 'longitude': '41.96485522'}",29.20,46.90,44.50,39.30,,
609722,Manley HS,Manley Career Academy High School,2935 W Polk St,Chicago,IL,60612,http://www.manleyhighschool.org,West Side High School Network,West Side High School Network,Standard,Level 3,Yes,17,Above Average,Far Below Average,12.58,12.97,14.7,12.29,13.6,14.7,49,50.60,10.70,14,59.30,49.50,6.70,8.10,51.90,53,43.20,62.50,Not Yet Organized,Weak,Neutral,Neutral,Weak,Weak,Weak,29,67,2.4,2.9,66.80,71.60,95.40,94.70,No,1156776.858,1896186.78,-87.69988652,41.87091163,"{'latitude': '-87.69988652', 'longitude': '41.87091163'}",57.80,54.30,66.20,60.30,,
609751,King HS,Dr  Martin Luther King  Jr  College Prep HS,4445 S Drexel Blvd,Chicago,IL,60653,http://www.kingcollegeprep.org,South Side High School Network,South Side High School Network,Standard,Level 1,No,0,Below Average,Average,17.47,18.12,20.9,17.56,18.86,20.9,75.40,85.40,2.30,2,91.10,87.50,31.90,40.20,85.10,81.10,85.10,80.10,Not Enough Data,Not Enough Data,Not Enough Data,Not Enough Data,Not Enough Data,Not Enough Data,Not Enough Data,40.70,17.40,3.4,3.6,92.90,92.60,96.30,95.90,No,1183114.175,1875544.787,-87.60383761,41.81369471,"{'latitude': '-87.60383761', 'longitude': '41.81369471'}",50.00,52.90,,51.50,,
609708,Foreman HS,Edwin G Foreman High School,3235 N LeClaire Ave,Chicago,IL,60641,http://www.foremanhs.org,North-Northwest Side High School Network,North-Northwest Side High School Network,Standard,Level 2,Yes,5,Average,Far Below Average,13,13.71,15.4,13.19,14.07,15.4,59.70,58.50,6.80,3.10,75.60,68.70,12.50,14.60,40.90,40.80,67.20,63,Not Yet Organized,Weak,Weak,Weak,Neutral,Weak,Weak,36.90,35.20,2.7,3.7,84.30,82.10,94.80,95.20,No,1141833.359,1921189.138,-87.7541302,41.93981043,"{'latitude': '-87.7541302', 'longitude': '41.93981043'}",46.90,64.30,54.30,55.00,,
609676,Dunbar HS,Paul Laurence Dunbar Career Academy High School,3000 S King Dr,Chicago,IL,60616,http://www.dunbarhs.org,South Side High School Network,South Side High School Network,Standard,Level 3,Yes,12,Average,Far Below Average,12.86,13.78,14.8,12.54,13.76,14.8,61.70,72,2.90,2.70,65.70,70.20,6.90,7.80,51.50,67.70,61.50,61.30,Partially Organized,Neutral,Weak,Weak,Neutral,Neutral,Weak,50.60,46.90,3.7,4,76.90,80.10,96,95.60,No,1179262.097,1885167.032,-87.61767315,41.84018775,"{'latitude': '-87.61767315', 'longitude': '41.84018775'}",44.10,59.00,58.60,53.40,,
610392,World Language HS,World Language Academy High School,3120 S Kostner Ave,Chicago,IL,60623,http://wl.lvlhs.org,West Side High School Network,West Side High School Network,Track E,Level 3,Yes,1,Above Average,Below Average,12.85,14.28,16.4,13.49,14.27,16.4,69.40,62.80,3.80,1.90,76,58.50,14.60,15.20,48.10,53.80,70.30,83.90,Organized,Neutral,Neutral,Neutral,Strong,Neutral,Neutral,43.50,61.40,3.5,5.5,91.60,93.40,96,95.20,No,1147521.302,1883405.128,-87.73419465,41.83601953,"{'latitude': '-87.73419465', 'longitude': '41.83601953'}",64.20,59.30,,61.30,,
609740,Wells HS,Wells Community Academy High School,936 N Ashland Ave,Chicago,IL,60622,http://www.wellshighschoolchicago.org,West Side High School Network,West Side High School Network,Standard,Level 2,No,0,Average,Far Below Average,13.24,13.56,15.1,12.72,13.71,15.1,59.30,54.10,14.60,11.90,61.30,69,7.20,6.90,43.80,36.70,55.90,60,Organized,Neutral,Neutral,Neutral,Strong,Neutral,Neutral,94.20,72.80,2.1,2.5,74.10,81.30,96.20,96.30,Pending,1165512.916,1906490.72,-87.66751989,41.89900506,"{'latitude': '-87.66751989', 'longitude': '41.89900506'}",54.80,62.00,53.10,56.60,,
609702,Crane HS,Richard T Crane Technical Preparatory HS,2245 W Jackson Blvd,Chicago,IL,60612,http://www.crane.groupfusion.net,West Side High School Network,West Side High School Network,Standard,Level 3,Yes,11,Below Average,Far Below Average,12.09,13.63,13.8,12.59,13.59,13.8,48,39.70,30.70,24,40.90,58.10,3.70,7.90,32.60,48.10,44.40,41.90,Organized,Strong,Neutral,Neutral,Neutral,Neutral,Neutral,29.40,45,4.6,4.4,57.90,68.80,93.90,93.70,No,1161290.138,1898611.918,-87.68324922,41.87747384,"{'latitude': '-87.68324922', 'longitude': '41.87747384'}",47.50,50.00,,48.80,,
610334,Raby HS,Al Raby High School,3545 W Fulton Blvd,Chicago,IL,60624,http://www.alraby.org,West Side High School Network,West Side High School Network,Track E,Level 3,Yes,5,Below Average,Far Below Average,12.77,14.31,15.4,12.89,14.1,15.4,72.20,70.20,4.60,6.70,74.30,79.90,13.50,17.90,64.20,68.80,72,67.90,Moderately Organized,Neutral,Neutral,Neutral,Neutral,Neutral,Neutral,77.10,65.80,3.5,4,80.30,82.10,95.10,94.90,No,1152512.295,1901720.85,-87.71539705,41.886183,"{'latitude': '-87.71539705', 'longitude': '41.886183'}",43.80,49.30,54.90,49.40,,
610244,Clark HS,Michele Clark Academic Prep Magnet High School,5101 W Harrison St,Chicago,IL,60644,http://www.micheleclark.org,West Side High School Network,West Side High School Network,Standard,Level 3,Yes,4,Average,Below Average,14.03,14.46,16.4,13.67,14.66,16.4,87.40,76.60,3.70,4,78.20,78.70,13,11.10,60.40,75.80,62.40,64.20,Partially Organized,Weak,Neutral,Neutral,Neutral,Neutral,Neutral,69.80,82.70,3.8,4.3,79.10,89.60,95.40,95.80,No,1142209.317,1896792.791,-87.75335467,41.87285714,"{'latitude': '-87.75335467', 'longitude': '41.87285714'}",49.10,53.90,61.80,55.30,,
610535,Mason HS,Mason High School,4217 W 18th St,Chicago,IL,60623,http://www.masonmavericks.org,West Side High School Network,West Side High School Network,Standard,Level 3,Yes,1,Below Average,Far Below Average,12.52,13.88,13.6,14,15.57,13.6,,,2.60,4.30,40.90,92.30,,15.40,,,,,Well-organized,Strong,Strong,Strong,Neutral,Neutral,Strong,50,50,2.9,3.2,90.40,87.20,,,No,1148477.255,1891003.441,-87.73049117,41.85685194,"{'latitude': '-87.73049117', 'longitude': '41.85685194'}",50.00,43.80,,46.40,,
610501,Austin Poly HS,Austin Polytechnical Academy High School,231 N Pine Ave,Chicago,IL,60644,http://austinpolytech.org,West Side High School Network,West Side High School Network,Standard,Level 3,Yes,3,Average,Far Below Average,12.21,13.39,14.6,11.82,13.69,14.6,,65.30,1.10,18.50,56.10,52.20,8.50,8.80,,57.70,,,Partially Organized,Weak,Neutral,Neutral,Neutral,Weak,Weak,57.40,48.30,2.9,2.5,70.10,68.50,95.20,94.70,No,1139494.763,1901274.258,-87.76321191,41.88520477,"{'latitude': '-87.76321191', 'longitude': '41.88520477'}",52.40,51.70,59.30,54.50,,
